-- ============================================================
-- SEED DATA FOR CHIT FUND ADMIN PANEL
-- Admin: Logheswaran | UID: 5bb36e6c-1bcc-4d5f-8027-27daab42e50f
-- Chits: ShreemNidhi (random) + Svarnam (traditional)
-- ============================================================
-- UUID Prefix Legend (all valid hex):
--   Profiles:     10000001-xxxx (admin: existing UUID)
--   Chits:        20000001-xxxx
--   Chit Members: 30000001-xxxx
--   Auction:      40000001-xxxx
--   Contributions:50000001-xxxx
--   KYC:          60000001-xxxx
--   Winners:      70000001-xxxx
--   Loans:        80000001-xxxx
--   Loan Payments:90000001-xxxx
--   Applications: a0000001-xxxx
--   Maturity:     b0000001-xxxx
--   Ledger:       c0000001-xxxx
--   Notifications:d0000001-xxxx
--   User Devices: e0000001-xxxx
--   Audit Logs:   f0000001-xxxx
--   Bids:         01000001-xxxx
-- ============================================================

-- ============================================================
-- 0. DISABLE TRIGGER (to prevent auto-profile creation)
-- ============================================================
ALTER TABLE auth.users DISABLE TRIGGER on_auth_user_created;

-- ============================================================
-- 0. AUTH USERS (Required for FK constraints)
-- ============================================================
-- Insert into auth.users first (Supabase managed table)
INSERT INTO auth.users (id, email, phone, encrypted_password, email_confirmed_at, created_at, updated_at, raw_app_meta_data, raw_user_meta_data, aud, role) VALUES
('5bb36e6c-1bcc-4d5f-8027-27daab42e50f', 'logheswaran25@gmail.com', '8610567375',  '$2a$10$PwEsQjVVQnAMfKvV7', now()-interval '180 days', now()-interval '180 days', now(), '{"provider":"phone","providers":["phone"]}', '{}', 'authenticated', 'authenticated'),
('10000001-0000-0000-0000-000000000001', 'anitha.rajan@gmail.com',  '9876543201',  '$2a$10$PwEsQjVVQnAMfKvV7', now()-interval '90 days',  now()-interval '90 days',  now(), '{"provider":"phone","providers":["phone"]}', '{}', 'authenticated', 'authenticated'),
('10000001-0000-0000-0000-000000000002', 'balaji.m@gmail.com',      '9876543202',  '$2a$10$PwEsQjVVQnAMfKvV7', now()-interval '90 days',  now()-interval '90 days',  now(), '{"provider":"phone","providers":["phone"]}', '{}', 'authenticated', 'authenticated'),
('10000001-0000-0000-0000-000000000003', 'chitra.s@gmail.com',      '9876543203',  '$2a$10$PwEsQjVVQnAMfKvV7', now()-interval '85 days',  now()-interval '85 days',  now(), '{"provider":"phone","providers":["phone"]}', '{}', 'authenticated', 'authenticated'),
('10000001-0000-0000-0000-000000000004', 'dinesh.k@gmail.com',      '9876543204',  '$2a$10$PwEsQjVVQnAMfKvV7', now()-interval '85 days',  now()-interval '85 days',  now(), '{"provider":"phone","providers":["phone"]}', '{}', 'authenticated', 'authenticated'),
('10000001-0000-0000-0000-000000000005', 'eswari.p@gmail.com',      '9876543205',  '$2a$10$PwEsQjVVQnAMfKvV7', now()-interval '80 days',  now()-interval '80 days',  now(), '{"provider":"phone","providers":["phone"]}', '{}', 'authenticated', 'authenticated'),
('10000001-0000-0000-0000-000000000006', 'feroz.k@gmail.com',       '9876543206',  '$2a$10$PwEsQjVVQnAMfKvV7', now()-interval '80 days',  now()-interval '80 days',  now(), '{"provider":"phone","providers":["phone"]}', '{}', 'authenticated', 'authenticated'),
('10000001-0000-0000-0000-000000000007', 'geetha.l@gmail.com',      '9876543207',  '$2a$10$PwEsQjVVQnAMfKvV7', now()-interval '75 days',  now()-interval '75 days',  now(), '{"provider":"phone","providers":["phone"]}', '{}', 'authenticated', 'authenticated'),
('10000001-0000-0000-0000-000000000008', 'hari.p@gmail.com',        '9876543208',  '$2a$10$PwEsQjVVQnAMfKvV7', now()-interval '75 days',  now()-interval '75 days',  now(), '{"provider":"phone","providers":["phone"]}', '{}', 'authenticated', 'authenticated'),
('10000001-0000-0000-0000-000000000009', 'indira.s@gmail.com',      '9876543209',  '$2a$10$PwEsQjVVQnAMfKvV7', now()-interval '70 days',  now()-interval '70 days',  now(), '{"provider":"phone","providers":["phone"]}', '{}', 'authenticated', 'authenticated'),
('10000001-0000-0000-0000-000000000010', 'jayakumar.n@gmail.com',   '9876543210',  '$2a$10$PwEsQjVVQnAMfKvV7', now()-interval '70 days',  now()-interval '70 days',  now(), '{"provider":"phone","providers":["phone"]}', '{}', 'authenticated', 'authenticated'),
('10000001-0000-0000-0000-000000000011', 'kavitha.a@gmail.com',     '9876543211',  '$2a$10$PwEsQjVVQnAMfKvV7', now()-interval '65 days',  now()-interval '65 days',  now(), '{"provider":"phone","providers":["phone"]}', '{}', 'authenticated', 'authenticated'),
('10000001-0000-0000-0000-000000000012', 'lingam.p@gmail.com',      '9876543212',  '$2a$10$PwEsQjVVQnAMfKvV7', now()-interval '65 days',  now()-interval '65 days',  now(), '{"provider":"phone","providers":["phone"]}', '{}', 'authenticated', 'authenticated'),
('10000001-0000-0000-0000-000000000013', 'meena.c@gmail.com',       '9876543213',  '$2a$10$PwEsQjVVQnAMfKvV7', now()-interval '30 days',  now()-interval '30 days',  now(), '{"provider":"phone","providers":["phone"]}', '{}', 'authenticated', 'authenticated'),
('10000001-0000-0000-0000-000000000014', 'naveen.r@gmail.com',      '9876543214',  '$2a$10$PwEsQjVVQnAMfKvV7', now()-interval '15 days',  now()-interval '15 days',  now(), '{"provider":"phone","providers":["phone"]}', '{}', 'authenticated', 'authenticated')
ON CONFLICT (id) DO NOTHING;

-- ============================================================
-- 1. PROFILES (Admin + 14 members)
-- ============================================================
INSERT INTO public.profiles (id, mobile_number, full_name, email, pin_hash, is_pin_set, is_biometric_enabled, created_at, updated_at, failed_pin_attempts, pin_locked_until, role_type, is_frozen) VALUES
-- Admin
('5bb36e6c-1bcc-4d5f-8027-27daab42e50f', '8610567375', 'Logheswaran',      'logheswaran25@gmail.com',   '$2b$10$adminpinhash001', true,  true,  now() - interval '180 days', now(), 0, NULL, 'admin',  false),
-- Members
('10000001-0000-0000-0000-000000000001', '9876543201', 'Anitha Rajan',      'anitha.rajan@gmail.com',  '$2b$10$pinhash00001',    true,  false, now() - interval '90 days',  now(), 0, NULL, 'member', false),
('10000001-0000-0000-0000-000000000002', '9876543202', 'Balaji Murugan',    'balaji.m@gmail.com',      '$2b$10$pinhash00002',    true,  true,  now() - interval '90 days',  now(), 0, NULL, 'member', false),
('10000001-0000-0000-0000-000000000003', '9876543203', 'Chitra Selvam',     'chitra.s@gmail.com',      '$2b$10$pinhash00003',    true,  false, now() - interval '85 days',  now(), 0, NULL, 'member', false),
('10000001-0000-0000-0000-000000000004', '9876543204', 'Dinesh Kumar',      'dinesh.k@gmail.com',      '$2b$10$pinhash00004',    true,  true,  now() - interval '85 days',  now(), 0, NULL, 'member', false),
('10000001-0000-0000-0000-000000000005', '9876543205', 'Eswari Pandi',      'eswari.p@gmail.com',      '$2b$10$pinhash00005',    true,  false, now() - interval '80 days',  now(), 0, NULL, 'member', false),
('10000001-0000-0000-0000-000000000006', '9876543206', 'Feroz Khan',        'feroz.k@gmail.com',       '$2b$10$pinhash00006',    true,  true,  now() - interval '80 days',  now(), 0, NULL, 'member', false),
('10000001-0000-0000-0000-000000000007', '9876543207', 'Geetha Lakshmi',    'geetha.l@gmail.com',      '$2b$10$pinhash00007',    true,  false, now() - interval '75 days',  now(), 0, NULL, 'member', false),
('10000001-0000-0000-0000-000000000008', '9876543208', 'Hari Prasad',       'hari.p@gmail.com',        '$2b$10$pinhash00008',    true,  true,  now() - interval '75 days',  now(), 0, NULL, 'member', false),
('10000001-0000-0000-0000-000000000009', '9876543209', 'Indira Suresh',     'indira.s@gmail.com',      '$2b$10$pinhash00009',    true,  false, now() - interval '70 days',  now(), 0, NULL, 'member', false),
('10000001-0000-0000-0000-000000000010', '9876543210', 'Jayakumar Nair',    'jayakumar.n@gmail.com',   '$2b$10$pinhash00010',    true,  true,  now() - interval '70 days',  now(), 0, NULL, 'member', false),
('10000001-0000-0000-0000-000000000011', '9876543211', 'Kavitha Arumugam',  'kavitha.a@gmail.com',     '$2b$10$pinhash00011',    true,  false, now() - interval '65 days',  now(), 0, NULL, 'member', false),
('10000001-0000-0000-0000-000000000012', '9876543212', 'Lingam Pillai',     'lingam.p@gmail.com',      '$2b$10$pinhash00012',    true,  true,  now() - interval '65 days',  now(), 0, NULL, 'member', false),
('10000001-0000-0000-0000-000000000013', '9876543213', 'Meena Chandran',    'meena.c@gmail.com',       '$2b$10$pinhash00013',    false, false, now() - interval '30 days',  now(), 0, NULL, 'member', false),
('10000001-0000-0000-0000-000000000014', '9876543214', 'Naveen Raj',        'naveen.r@gmail.com',      '$2b$10$pinhash00014',    false, false, now() - interval '15 days',  now(), 0, NULL, 'member', false)
ON CONFLICT (id) DO NOTHING;


-- ============================================================
-- 2. CHITS
-- ============================================================
INSERT INTO public.chits (id, name, total_members, duration_months, monthly_amount, interest_rate_maturity, loan_percentage_cap, loan_interest_rate, start_date, current_month, total_winners_allowed, status, created_at, chit_type, commission_rate, max_bid_percentage) VALUES
(
  '20000001-0000-0000-0000-000000000001',
  'ShreemNidhi Special Chit',
  10, 10, 5000.00, 8.00, 50.00, 12.00,
  (current_date - interval '5 months')::date,
  5, 10, 'active',
  now() - interval '6 months',
  'random', 5.00, 40.00
),
(
  '20000001-0000-0000-0000-000000000002',
  'Svarnam Chit',
  12, 12, 3000.00, 7.50, 60.00, 10.00,
  (current_date - interval '3 months')::date,
  3, 12, 'active',
  now() - interval '4 months',
  'traditional', 4.00, 35.00
);


-- ============================================================
-- 3. CHIT MEMBERS
-- ============================================================
-- ShreemNidhi: members 1–10 (members 1,2 have won)
INSERT INTO public.chit_members (id, chit_id, user_id, joined_at, status, has_won, win_month, total_contribution, months_paid, eligible_loan_amount, loan_outstanding) VALUES
('30000001-0001-0000-0000-000000000001', '20000001-0000-0000-0000-000000000001', '10000001-0000-0000-0000-000000000001', now()-interval '5 months', 'won',    true,  1, 25000.00, 5, 12500.00, 0.00),
('30000001-0001-0000-0000-000000000002', '20000001-0000-0000-0000-000000000001', '10000001-0000-0000-0000-000000000002', now()-interval '5 months', 'won',    true,  3, 25000.00, 5, 12500.00, 5000.00),
('30000001-0001-0000-0000-000000000003', '20000001-0000-0000-0000-000000000001', '10000001-0000-0000-0000-000000000003', now()-interval '5 months', 'active', false, NULL, 25000.00, 5, 12500.00, 0.00),
('30000001-0001-0000-0000-000000000004', '20000001-0000-0000-0000-000000000001', '10000001-0000-0000-0000-000000000004', now()-interval '5 months', 'active', false, NULL, 25000.00, 5, 12500.00, 0.00),
('30000001-0001-0000-0000-000000000005', '20000001-0000-0000-0000-000000000001', '10000001-0000-0000-0000-000000000005', now()-interval '5 months', 'active', false, NULL, 25000.00, 5, 12500.00, 8000.00),
('30000001-0001-0000-0000-000000000006', '20000001-0000-0000-0000-000000000001', '10000001-0000-0000-0000-000000000006', now()-interval '5 months', 'active', false, NULL, 25000.00, 5, 12500.00, 0.00),
('30000001-0001-0000-0000-000000000007', '20000001-0000-0000-0000-000000000001', '10000001-0000-0000-0000-000000000007', now()-interval '5 months', 'active', false, NULL, 20000.00, 4, 10000.00, 0.00),
('30000001-0001-0000-0000-000000000008', '20000001-0000-0000-0000-000000000001', '10000001-0000-0000-0000-000000000008', now()-interval '5 months', 'active', false, NULL, 25000.00, 5, 12500.00, 0.00),
('30000001-0001-0000-0000-000000000009', '20000001-0000-0000-0000-000000000001', '10000001-0000-0000-0000-000000000009', now()-interval '5 months', 'active', false, NULL, 25000.00, 5, 12500.00, 0.00),
('30000001-0001-0000-0000-000000000010', '20000001-0000-0000-0000-000000000001', '10000001-0000-0000-0000-000000000010', now()-interval '5 months', 'active', false, NULL, 25000.00, 5, 12500.00, 0.00);

-- Svarnam members
INSERT INTO public.chit_members (id, chit_id, user_id, joined_at, status, has_won, win_month, total_contribution, months_paid, eligible_loan_amount, loan_outstanding) VALUES
('30000001-0002-0000-0000-000000000001', '20000001-0000-0000-0000-000000000002', '10000001-0000-0000-0000-000000000003', now()-interval '3 months', 'won',    true,  1, 9000.00,  3, 9000.00,  0.00),
('30000001-0002-0000-0000-000000000002', '20000001-0000-0000-0000-000000000002', '10000001-0000-0000-0000-000000000004', now()-interval '3 months', 'active', false, NULL, 9000.00,  3, 9000.00,  0.00),
('30000001-0002-0000-0000-000000000003', '20000001-0000-0000-0000-000000000002', '10000001-0000-0000-0000-000000000005', now()-interval '3 months', 'active', false, NULL, 9000.00,  3, 9000.00,  4500.00),
('30000001-0002-0000-0000-000000000004', '20000001-0000-0000-0000-000000000002', '10000001-0000-0000-0000-000000000006', now()-interval '3 months', 'active', false, NULL, 9000.00,  3, 9000.00,  0.00),
('30000001-0002-0000-0000-000000000005', '20000001-0000-0000-0000-000000000002', '10000001-0000-0000-0000-000000000007', now()-interval '3 months', 'active', false, NULL, 9000.00,  3, 9000.00,  0.00),
('30000001-0002-0000-0000-000000000006', '20000001-0000-0000-0000-000000000002', '10000001-0000-0000-0000-000000000008', now()-interval '3 months', 'active', false, NULL, 9000.00,  3, 9000.00,  0.00),
('30000001-0002-0000-0000-000000000007', '20000001-0000-0000-0000-000000000002', '10000001-0000-0000-0000-000000000009', now()-interval '3 months', 'active', false, NULL, 6000.00,  2, 6000.00,  0.00),
('30000001-0002-0000-0000-000000000008', '20000001-0000-0000-0000-000000000002', '10000001-0000-0000-0000-000000000010', now()-interval '3 months', 'active', false, NULL, 9000.00,  3, 9000.00,  0.00),
('30000001-0002-0000-0000-000000000009', '20000001-0000-0000-0000-000000000002', '10000001-0000-0000-0000-000000000011', now()-interval '3 months', 'active', false, NULL, 9000.00,  3, 9000.00,  0.00),
('30000001-0002-0000-0000-000000000010', '20000001-0000-0000-0000-000000000002', '10000001-0000-0000-0000-000000000012', now()-interval '3 months', 'active', false, NULL, 9000.00,  3, 9000.00,  0.00),
('30000001-0002-0000-0000-000000000011', '20000001-0000-0000-0000-000000000002', '10000001-0000-0000-0000-000000000013', now()-interval '3 months', 'active', false, NULL, 9000.00,  3, 9000.00,  0.00),
('30000001-0002-0000-0000-000000000012', '20000001-0000-0000-0000-000000000002', '10000001-0000-0000-0000-000000000014', now()-interval '3 months', 'active', false, NULL, 9000.00,  3, 9000.00,  0.00);


-- ============================================================
-- 4. AUCTION ROUNDS
-- ============================================================
INSERT INTO public.auction_rounds (id, chit_id, month_number, status, opened_at, closed_at, winning_bid, commission, dividend_per_member) VALUES
-- ShreemNidhi
('40000001-0001-0000-0000-000000000001', '20000001-0000-0000-0000-000000000001', 1, 'closed', now()-interval '5 months', now()-interval '5 months'+interval '3 days', 45000.00, 2250.00, 275.00),
('40000001-0001-0000-0000-000000000002', '20000001-0000-0000-0000-000000000001', 2, 'closed', now()-interval '4 months', now()-interval '4 months'+interval '3 days', 43000.00, 2150.00, 285.00),
('40000001-0001-0000-0000-000000000003', '20000001-0000-0000-0000-000000000001', 3, 'closed', now()-interval '3 months', now()-interval '3 months'+interval '3 days', 44000.00, 2200.00, 280.00),
('40000001-0001-0000-0000-000000000004', '20000001-0000-0000-0000-000000000001', 4, 'closed', now()-interval '2 months', now()-interval '2 months'+interval '3 days', 42000.00, 2100.00, 290.00),
('40000001-0001-0000-0000-000000000005', '20000001-0000-0000-0000-000000000001', 5, 'open',   now()-interval '5 days',  NULL,                                          NULL,      NULL,    NULL),
-- Svarnam
('40000001-0002-0000-0000-000000000001', '20000001-0000-0000-0000-000000000002', 1, 'closed', now()-interval '3 months', now()-interval '3 months'+interval '2 days', 32000.00, 1280.00, 60.00),
('40000001-0002-0000-0000-000000000002', '20000001-0000-0000-0000-000000000002', 2, 'closed', now()-interval '2 months', now()-interval '2 months'+interval '2 days', 31000.00, 1240.00, 63.33),
('40000001-0002-0000-0000-000000000003', '20000001-0000-0000-0000-000000000002', 3, 'open',   now()-interval '4 days',  NULL,                                          NULL,      NULL,    NULL),
-- Extra rows
('40000001-0001-0000-0000-000000000006', '20000001-0000-0000-0000-000000000001', 6, 'cancelled', now()-interval '1 month', now()-interval '1 month'+interval '1 day', NULL, NULL, NULL),
('40000001-0002-0000-0000-000000000004', '20000001-0000-0000-0000-000000000002', 4, 'cancelled', now()-interval '10 days', now()-interval '9 days',                   NULL, NULL, NULL);


-- ============================================================
-- 5. BIDS
-- ============================================================
INSERT INTO public.bids (id, auction_round_id, member_id, bid_amount, placed_at, is_winner) VALUES
-- ShreemNidhi Month 1 (winner: member 1 with 45000)
('01000001-0001-0001-0000-000000000001', '40000001-0001-0000-0000-000000000001', '30000001-0001-0000-0000-000000000001', 45000.00, now()-interval '5 months'+interval '1 day', true),
('01000001-0001-0001-0000-000000000002', '40000001-0001-0000-0000-000000000001', '30000001-0001-0000-0000-000000000002', 44000.00, now()-interval '5 months'+interval '1 day', false),
-- ShreemNidhi Month 3 (winner: member 2)
('01000001-0001-0003-0000-000000000001', '40000001-0001-0000-0000-000000000003', '30000001-0001-0000-0000-000000000002', 44000.00, now()-interval '3 months'+interval '1 day', true),
('01000001-0001-0003-0000-000000000002', '40000001-0001-0000-0000-000000000003', '30000001-0001-0000-0000-000000000003', 43500.00, now()-interval '3 months'+interval '1 day', false),
-- ShreemNidhi Month 5 (open, bids coming in)
('01000001-0001-0005-0000-000000000001', '40000001-0001-0000-0000-000000000005', '30000001-0001-0000-0000-000000000004', 43000.00, now()-interval '3 days', false),
('01000001-0001-0005-0000-000000000002', '40000001-0001-0000-0000-000000000005', '30000001-0001-0000-0000-000000000006', 44500.00, now()-interval '2 days', false),
('01000001-0001-0005-0000-000000000003', '40000001-0001-0000-0000-000000000005', '30000001-0001-0000-0000-000000000008', 42000.00, now()-interval '2 days', false),
-- Svarnam Month 1 (winner: member 1 of svarnam)
('01000001-0002-0001-0000-000000000001', '40000001-0002-0000-0000-000000000001', '30000001-0002-0000-0000-000000000001', 32000.00, now()-interval '3 months'+interval '1 day', true),
('01000001-0002-0001-0000-000000000002', '40000001-0002-0000-0000-000000000001', '30000001-0002-0000-0000-000000000002', 31000.00, now()-interval '3 months'+interval '1 day', false),
-- Svarnam Month 3 (open)
('01000001-0002-0003-0000-000000000001', '40000001-0002-0000-0000-000000000003', '30000001-0002-0000-0000-000000000004', 30500.00, now()-interval '2 days', false);


-- ============================================================
-- 6. CONTRIBUTIONS
-- ============================================================
-- ShreemNidhi Month 1 (all paid)
INSERT INTO public.contributions (id, chit_id, member_id, month_number, due_date, amount_due, amount_paid, payment_status, paid_at) VALUES
('50000001-0001-0001-0000-000000000001', '20000001-0000-0000-0000-000000000001', '30000001-0001-0000-0000-000000000001', 1, (current_date - interval '5 months')::date, 5000.00, 5000.00, 'paid', now()-interval '5 months'),
('50000001-0001-0001-0000-000000000002', '20000001-0000-0000-0000-000000000001', '30000001-0001-0000-0000-000000000002', 1, (current_date - interval '5 months')::date, 5000.00, 5000.00, 'paid', now()-interval '5 months'),
('50000001-0001-0001-0000-000000000003', '20000001-0000-0000-0000-000000000001', '30000001-0001-0000-0000-000000000003', 1, (current_date - interval '5 months')::date, 5000.00, 5000.00, 'paid', now()-interval '5 months'),
('50000001-0001-0001-0000-000000000004', '20000001-0000-0000-0000-000000000001', '30000001-0001-0000-0000-000000000004', 1, (current_date - interval '5 months')::date, 5000.00, 5000.00, 'paid', now()-interval '5 months'),
('50000001-0001-0001-0000-000000000005', '20000001-0000-0000-0000-000000000001', '30000001-0001-0000-0000-000000000005', 1, (current_date - interval '5 months')::date, 5000.00, 5000.00, 'paid', now()-interval '5 months'),
-- ShreemNidhi Month 5 (current, mixed status)
('50000001-0001-0005-0000-000000000001', '20000001-0000-0000-0000-000000000001', '30000001-0001-0000-0000-000000000001', 5, current_date, 5000.00, 5000.00, 'paid',    now()-interval '3 days'),
('50000001-0001-0005-0000-000000000002', '20000001-0000-0000-0000-000000000001', '30000001-0001-0000-0000-000000000002', 5, current_date, 5000.00, 5000.00, 'paid',    now()-interval '2 days'),
('50000001-0001-0005-0000-000000000003', '20000001-0000-0000-0000-000000000001', '30000001-0001-0000-0000-000000000003', 5, current_date, 5000.00, 5000.00, 'paid',    now()-interval '1 day'),
('50000001-0001-0005-0000-000000000004', '20000001-0000-0000-0000-000000000001', '30000001-0001-0000-0000-000000000004', 5, current_date, 5000.00, 0.00,    'pending',  NULL),
('50000001-0001-0005-0000-000000000005', '20000001-0000-0000-0000-000000000001', '30000001-0001-0000-0000-000000000005', 5, current_date, 5000.00, 0.00,    'pending',  NULL),
('50000001-0001-0005-0000-000000000006', '20000001-0000-0000-0000-000000000001', '30000001-0001-0000-0000-000000000006', 5, current_date, 5000.00, 5000.00, 'paid',    now()-interval '1 day'),
('50000001-0001-0005-0000-000000000007', '20000001-0000-0000-0000-000000000001', '30000001-0001-0000-0000-000000000007', 5, current_date, 5000.00, 0.00,    'failed',   NULL),
('50000001-0001-0005-0000-000000000008', '20000001-0000-0000-0000-000000000001', '30000001-0001-0000-0000-000000000008', 5, current_date, 5000.00, 5000.00, 'paid',    now()-interval '4 days'),
('50000001-0001-0005-0000-000000000009', '20000001-0000-0000-0000-000000000001', '30000001-0001-0000-0000-000000000009', 5, current_date, 5000.00, 5000.00, 'paid',    now()-interval '2 days'),
('50000001-0001-0005-0000-000000000010', '20000001-0000-0000-0000-000000000001', '30000001-0001-0000-0000-000000000010', 5, current_date, 5000.00, 0.00,    'pending',  NULL),
-- Svarnam Month 1 (all paid)
('50000001-0002-0001-0000-000000000001', '20000001-0000-0000-0000-000000000002', '30000001-0002-0000-0000-000000000001', 1, (current_date - interval '3 months')::date, 3000.00, 3000.00, 'paid', now()-interval '3 months'),
('50000001-0002-0001-0000-000000000002', '20000001-0000-0000-0000-000000000002', '30000001-0002-0000-0000-000000000002', 1, (current_date - interval '3 months')::date, 3000.00, 3000.00, 'paid', now()-interval '3 months'),
('50000001-0002-0001-0000-000000000003', '20000001-0000-0000-0000-000000000002', '30000001-0002-0000-0000-000000000003', 1, (current_date - interval '3 months')::date, 3000.00, 3000.00, 'paid', now()-interval '3 months'),
('50000001-0002-0001-0000-000000000004', '20000001-0000-0000-0000-000000000002', '30000001-0002-0000-0000-000000000004', 1, (current_date - interval '3 months')::date, 3000.00, 3000.00, 'paid', now()-interval '3 months'),
-- Svarnam Month 3 (current, mixed)
('50000001-0002-0003-0000-000000000001', '20000001-0000-0000-0000-000000000002', '30000001-0002-0000-0000-000000000001', 3, current_date, 3000.00, 3000.00, 'paid',    now()-interval '2 days'),
('50000001-0002-0003-0000-000000000002', '20000001-0000-0000-0000-000000000002', '30000001-0002-0000-0000-000000000002', 3, current_date, 3000.00, 3000.00, 'paid',    now()-interval '1 day'),
('50000001-0002-0003-0000-000000000003', '20000001-0000-0000-0000-000000000002', '30000001-0002-0000-0000-000000000003', 3, current_date, 3000.00, 0.00,    'pending',  NULL),
('50000001-0002-0003-0000-000000000004', '20000001-0000-0000-0000-000000000002', '30000001-0002-0000-0000-000000000004', 3, current_date, 3000.00, 0.00,    'pending',  NULL),
('50000001-0002-0003-0000-000000000005', '20000001-0000-0000-0000-000000000002', '30000001-0002-0000-0000-000000000005', 3, current_date, 3000.00, 3000.00, 'paid',    now()-interval '3 days'),
('50000001-0002-0003-0000-000000000006', '20000001-0000-0000-0000-000000000002', '30000001-0002-0000-0000-000000000006', 3, current_date, 3000.00, 0.00,    'failed',   NULL);


-- ============================================================
-- 7. KYC DETAILS
-- ============================================================
INSERT INTO public.kyc_details (id, user_id, aadhaar_number, pan_number, aadhaar_verified, pan_verified, submitted_at, verified_at, status) VALUES
('60000001-0000-0000-0000-000000000001', '10000001-0000-0000-0000-000000000001', '234512345678', 'ABCPA1234D', true,  true,  now()-interval '85 days', now()-interval '80 days', 'verified'),
('60000001-0000-0000-0000-000000000002', '10000001-0000-0000-0000-000000000002', '345623456789', 'BCDPB2345E', true,  true,  now()-interval '85 days', now()-interval '79 days', 'verified'),
('60000001-0000-0000-0000-000000000003', '10000001-0000-0000-0000-000000000003', '456734567890', 'CDEPC3456F', true,  true,  now()-interval '80 days', now()-interval '75 days', 'verified'),
('60000001-0000-0000-0000-000000000004', '10000001-0000-0000-0000-000000000004', '567845678901', 'DEFPD4567G', true,  false, now()-interval '80 days', NULL,                      'pending'),
('60000001-0000-0000-0000-000000000005', '10000001-0000-0000-0000-000000000005', '678956789012', 'EFGPE5678H', true,  true,  now()-interval '75 days', now()-interval '70 days', 'verified'),
('60000001-0000-0000-0000-000000000006', '10000001-0000-0000-0000-000000000006', '789067890123', 'FGHPF6789I', true,  true,  now()-interval '75 days', now()-interval '68 days', 'verified'),
('60000001-0000-0000-0000-000000000007', '10000001-0000-0000-0000-000000000007', '890178901234', 'GHIPG7890J', false, false, now()-interval '40 days', NULL,                      'pending'),
('60000001-0000-0000-0000-000000000008', '10000001-0000-0000-0000-000000000008', '901289012345', 'HIJPH8901K', true,  true,  now()-interval '70 days', now()-interval '65 days', 'verified'),
('60000001-0000-0000-0000-000000000009', '10000001-0000-0000-0000-000000000009', '012390123456', 'IJKPI9012L', true,  false, now()-interval '30 days', NULL,                      'rejected'),
('60000001-0000-0000-0000-000000000010', '10000001-0000-0000-0000-000000000010', '123401234567', 'JKLPJ0123M', true,  true,  now()-interval '65 days', now()-interval '60 days', 'verified'),
('60000001-0000-0000-0000-000000000011', '10000001-0000-0000-0000-000000000011', '234512345670', 'KLMPK1234N', true,  true,  now()-interval '60 days', now()-interval '55 days', 'verified'),
('60000001-0000-0000-0000-000000000012', '10000001-0000-0000-0000-000000000012', '345623456781', 'LMNPL2345O', false, false, now()-interval '25 days', NULL,                      'pending');


-- ============================================================
-- 8. WINNERS
-- ============================================================
INSERT INTO public.winners (id, chit_id, month_number, member_id, prize_amount, selected_at, selection_type) VALUES
-- ShreemNidhi winners (months 1–4)
('70000001-0001-0000-0000-000000000001', '20000001-0000-0000-0000-000000000001', 1, '30000001-0001-0000-0000-000000000001', 45000.00, now()-interval '5 months'+interval '3 days', 'auction'),
('70000001-0001-0000-0000-000000000002', '20000001-0000-0000-0000-000000000001', 2, '30000001-0001-0000-0000-000000000004', 43000.00, now()-interval '4 months'+interval '3 days', 'random'),
('70000001-0001-0000-0000-000000000003', '20000001-0000-0000-0000-000000000001', 3, '30000001-0001-0000-0000-000000000002', 44000.00, now()-interval '3 months'+interval '3 days', 'auction'),
('70000001-0001-0000-0000-000000000004', '20000001-0000-0000-0000-000000000001', 4, '30000001-0001-0000-0000-000000000009', 42000.00, now()-interval '2 months'+interval '3 days', 'random'),
-- Svarnam winners (months 1–2)
('70000001-0002-0000-0000-000000000001', '20000001-0000-0000-0000-000000000002', 1, '30000001-0002-0000-0000-000000000001', 32000.00, now()-interval '3 months'+interval '2 days', 'manual'),
('70000001-0002-0000-0000-000000000002', '20000001-0000-0000-0000-000000000002', 2, '30000001-0002-0000-0000-000000000006', 31000.00, now()-interval '2 months'+interval '2 days', 'manual'),
-- Extra
('70000001-0001-0000-0000-000000000005', '20000001-0000-0000-0000-000000000001', 5, '30000001-0001-0000-0000-000000000006', 44500.00, now()-interval '1 day', 'auction'),
('70000001-0002-0000-0000-000000000003', '20000001-0000-0000-0000-000000000002', 3, '30000001-0002-0000-0000-000000000009', 30500.00, now(),                   'manual'),
('70000001-0001-0000-0000-000000000006', '20000001-0000-0000-0000-000000000001', 6, '30000001-0001-0000-0000-000000000003', 43500.00, now()+interval '30 days', 'random'),
('70000001-0002-0000-0000-000000000004', '20000001-0000-0000-0000-000000000002', 4, '30000001-0002-0000-0000-000000000005', 29000.00, now()+interval '30 days', 'manual');


-- ============================================================
-- 9. LOANS
-- ============================================================
INSERT INTO public.loans (id, chit_id, member_id, principal_amount, max_allowed_at_issue, interest_rate, total_interest, total_repayable, outstanding_balance, issued_month, status, created_at) VALUES
('80000001-0001-0000-0000-000000000001', '20000001-0000-0000-0000-000000000001', '30000001-0001-0000-0000-000000000002', 5000.00,  12500.00, 12.00, 600.00,  5600.00,  5000.00, 3, 'active',           now()-interval '3 months'),
('80000001-0001-0000-0000-000000000002', '20000001-0000-0000-0000-000000000001', '30000001-0001-0000-0000-000000000005', 8000.00,  12500.00, 12.00, 960.00,  8960.00,  8000.00, 4, 'active',           now()-interval '2 months'),
('80000001-0002-0000-0000-000000000001', '20000001-0000-0000-0000-000000000002', '30000001-0002-0000-0000-000000000003', 4500.00,  9000.00,  10.00, 450.00,  4950.00,  4500.00, 2, 'active',           now()-interval '2 months'),
('80000001-0001-0000-0000-000000000003', '20000001-0000-0000-0000-000000000001', '30000001-0001-0000-0000-000000000007', 6000.00,  10000.00, 12.00, 720.00,  6720.00,  0.00,    2, 'closed_via_payment', now()-interval '4 months'),
('80000001-0001-0000-0000-000000000004', '20000001-0000-0000-0000-000000000001', '30000001-0001-0000-0000-000000000003', 3000.00,  12500.00, 12.00, 360.00,  3360.00,  0.00,    1, 'closed_via_prize',   now()-interval '5 months'),
('80000001-0002-0000-0000-000000000002', '20000001-0000-0000-0000-000000000002', '30000001-0002-0000-0000-000000000007', 2000.00,  6000.00,  10.00, 200.00,  2200.00,  0.00,    1, 'closed_via_prize',   now()-interval '3 months'),
('80000001-0001-0000-0000-000000000005', '20000001-0000-0000-0000-000000000001', '30000001-0001-0000-0000-000000000008', 4000.00,  12500.00, 12.00, 480.00,  4480.00,  2000.00, 3, 'active',           now()-interval '3 months'),
('80000001-0002-0000-0000-000000000003', '20000001-0000-0000-0000-000000000002', '30000001-0002-0000-0000-000000000011', 3000.00,  9000.00,  10.00, 300.00,  3300.00,  3000.00, 2, 'active',           now()-interval '2 months'),
('80000001-0001-0000-0000-000000000006', '20000001-0000-0000-0000-000000000001', '30000001-0001-0000-0000-000000000010', 7000.00,  12500.00, 12.00, 840.00,  7840.00,  0.00,    2, 'closed_via_maturity', now()-interval '4 months'),
('80000001-0002-0000-0000-000000000004', '20000001-0000-0000-0000-000000000002', '30000001-0002-0000-0000-000000000004', 5000.00,  9000.00,  10.00, 500.00,  5500.00,  5000.00, 1, 'active',           now()-interval '3 months');


-- ============================================================
-- 10. LOAN PAYMENTS
-- ============================================================
INSERT INTO public.loan_payments (id, loan_id, amount_paid, paid_at, remaining_balance) VALUES
('90000001-0000-0000-0000-000000000001', '80000001-0001-0000-0000-000000000003', 6720.00, now()-interval '2 months', 0.00),
('90000001-0000-0000-0000-000000000002', '80000001-0001-0000-0000-000000000004', 3360.00, now()-interval '4 months', 0.00),
('90000001-0000-0000-0000-000000000003', '80000001-0002-0000-0000-000000000002', 2200.00, now()-interval '2 months', 0.00),
('90000001-0000-0000-0000-000000000004', '80000001-0001-0000-0000-000000000006', 7840.00, now()-interval '1 month',  0.00),
('90000001-0000-0000-0000-000000000005', '80000001-0001-0000-0000-000000000005', 2000.00, now()-interval '1 month',  2480.00),
('90000001-0000-0000-0000-000000000006', '80000001-0001-0000-0000-000000000001', 600.00,  now()-interval '2 months', 5000.00),
('90000001-0000-0000-0000-000000000007', '80000001-0001-0000-0000-000000000002', 1000.00, now()-interval '1 month',  7960.00),
('90000001-0000-0000-0000-000000000008', '80000001-0002-0000-0000-000000000001', 500.00,  now()-interval '1 month',  4450.00),
('90000001-0000-0000-0000-000000000009', '80000001-0002-0000-0000-000000000003', 300.00,  now()-interval '15 days',  2700.00),
('90000001-0000-0000-0000-000000000010', '80000001-0002-0000-0000-000000000004', 500.00,  now()-interval '20 days',  4500.00);


-- ============================================================
-- 11. MATURITY PAYOUTS
-- ============================================================
INSERT INTO public.maturity_payouts (id, chit_id, member_id, total_contribution, interest_rate, interest_amount, loan_deduction, final_amount, status, paid_at) VALUES
('b0000001-0001-0000-0000-000000000001', '20000001-0000-0000-0000-000000000001', '30000001-0001-0000-0000-000000000001', 50000.00, 8.00, 4000.00, 0.00,    54000.00, 'pending', NULL),
('b0000001-0001-0000-0000-000000000002', '20000001-0000-0000-0000-000000000001', '30000001-0001-0000-0000-000000000002', 50000.00, 8.00, 4000.00, 5000.00, 49000.00, 'pending', NULL),
('b0000001-0001-0000-0000-000000000003', '20000001-0000-0000-0000-000000000001', '30000001-0001-0000-0000-000000000003', 50000.00, 8.00, 4000.00, 0.00,    54000.00, 'pending', NULL),
('b0000001-0001-0000-0000-000000000004', '20000001-0000-0000-0000-000000000001', '30000001-0001-0000-0000-000000000004', 50000.00, 8.00, 4000.00, 0.00,    54000.00, 'pending', NULL),
('b0000001-0001-0000-0000-000000000005', '20000001-0000-0000-0000-000000000001', '30000001-0001-0000-0000-000000000005', 50000.00, 8.00, 4000.00, 8000.00, 46000.00, 'pending', NULL),
('b0000001-0002-0000-0000-000000000001', '20000001-0000-0000-0000-000000000002', '30000001-0002-0000-0000-000000000001', 36000.00, 7.50, 2700.00, 0.00,    38700.00, 'pending', NULL),
('b0000001-0002-0000-0000-000000000002', '20000001-0000-0000-0000-000000000002', '30000001-0002-0000-0000-000000000002', 36000.00, 7.50, 2700.00, 0.00,    38700.00, 'pending', NULL),
('b0000001-0002-0000-0000-000000000003', '20000001-0000-0000-0000-000000000002', '30000001-0002-0000-0000-000000000003', 36000.00, 7.50, 2700.00, 4500.00, 34200.00, 'pending', NULL),
('b0000001-0001-0000-0000-000000000006', '20000001-0000-0000-0000-000000000001', '30000001-0001-0000-0000-000000000010', 50000.00, 8.00, 4000.00, 0.00,    54000.00, 'paid',    now()-interval '1 month'),
('b0000001-0002-0000-0000-000000000004', '20000001-0000-0000-0000-000000000002', '30000001-0002-0000-0000-000000000004', 36000.00, 7.50, 2700.00, 5000.00, 33700.00, 'pending', NULL);


-- ============================================================
-- 12. MEMBER APPLICATIONS
-- ============================================================
INSERT INTO public.member_applications (id, user_id, chit_id, status, applied_at, reviewed_at, reviewed_by, rejection_reason) VALUES
('a0000001-0000-0000-0000-000000000001', '10000001-0000-0000-0000-000000000013', '20000001-0000-0000-0000-000000000001', 'approved',  now()-interval '95 days', now()-interval '90 days', '5bb36e6c-1bcc-4d5f-8027-27daab42e50f', NULL),
('a0000001-0000-0000-0000-000000000002', '10000001-0000-0000-0000-000000000014', '20000001-0000-0000-0000-000000000001', 'approved',  now()-interval '92 days', now()-interval '88 days', '5bb36e6c-1bcc-4d5f-8027-27daab42e50f', NULL),
('a0000001-0000-0000-0000-000000000003', '10000001-0000-0000-0000-000000000011', '20000001-0000-0000-0000-000000000001', 'approved',  now()-interval '91 days', now()-interval '87 days', '5bb36e6c-1bcc-4d5f-8027-27daab42e50f', NULL),
('a0000001-0000-0000-0000-000000000004', '10000001-0000-0000-0000-000000000012', '20000001-0000-0000-0000-000000000002', 'approved',  now()-interval '88 days', now()-interval '85 days', '5bb36e6c-1bcc-4d5f-8027-27daab42e50f', NULL),
('a0000001-0000-0000-0000-000000000005', '10000001-0000-0000-0000-000000000013', '20000001-0000-0000-0000-000000000002', 'approved',  now()-interval '85 days', now()-interval '82 days', '5bb36e6c-1bcc-4d5f-8027-27daab42e50f', NULL),
('a0000001-0000-0000-0000-000000000006', '10000001-0000-0000-0000-000000000014', '20000001-0000-0000-0000-000000000002', 'rejected',  now()-interval '82 days', now()-interval '78 days', '5bb36e6c-1bcc-4d5f-8027-27daab42e50f', 'KYC documents incomplete'),
('a0000001-0000-0000-0000-000000000007', '10000001-0000-0000-0000-000000000009', '20000001-0000-0000-0000-000000000002', 'rejected',  now()-interval '75 days', now()-interval '70 days', '5bb36e6c-1bcc-4d5f-8027-27daab42e50f', 'PAN verification failed'),
('a0000001-0000-0000-0000-000000000008', '10000001-0000-0000-0000-000000000008', '20000001-0000-0000-0000-000000000001', 'approved',  now()-interval '93 days', now()-interval '89 days', '5bb36e6c-1bcc-4d5f-8027-27daab42e50f', NULL),
('a0000001-0000-0000-0000-000000000009', '10000001-0000-0000-0000-000000000006', '20000001-0000-0000-0000-000000000002', 'pending',   now()-interval '5 days',  NULL,                     NULL,                                         NULL),
('a0000001-0000-0000-0000-000000000010', '10000001-0000-0000-0000-000000000007', '20000001-0000-0000-0000-000000000002', 'pending',   now()-interval '3 days',  NULL,                     NULL,                                         NULL);


-- ============================================================
-- 13. NOTIFICATIONS
-- ============================================================
INSERT INTO public.notifications (id, title, body, type, target_user_id, chit_id, is_read, created_at) VALUES
('d0000001-0000-0000-0000-000000000001', 'Auction Open',          'Month 5 auction for ShreemNidhi is now open. Place your bid!',         'auction',          '10000001-0000-0000-0000-000000000003', '20000001-0000-0000-0000-000000000001', false, now()-interval '5 days'),
('d0000001-0000-0000-0000-000000000002', 'Contribution Due',      'Your monthly contribution of ₹5000 is due for ShreemNidhi.',           'contribution_due', '10000001-0000-0000-0000-000000000004', '20000001-0000-0000-0000-000000000001', false, now()-interval '4 days'),
('d0000001-0000-0000-0000-000000000003', 'Congratulations!',      'You have won the ShreemNidhi chit for Month 1! Prize: ₹45,000.',       'winner',           '10000001-0000-0000-0000-000000000001', '20000001-0000-0000-0000-000000000001', true,  now()-interval '5 months'),
('d0000001-0000-0000-0000-000000000004', 'Loan Approved',         'Your loan of ₹8,000 from ShreemNidhi has been approved.',             'loan',             '10000001-0000-0000-0000-000000000005', '20000001-0000-0000-0000-000000000001', true,  now()-interval '2 months'),
('d0000001-0000-0000-0000-000000000005', 'Contribution Due',      'Your monthly contribution of ₹3,000 is due for Svarnam Chit.',        'contribution_due', '10000001-0000-0000-0000-000000000003', '20000001-0000-0000-0000-000000000002', false, now()-interval '3 days'),
('d0000001-0000-0000-0000-000000000006', 'Maturity Approaching',  'ShreemNidhi chit matures in 5 months. Plan your finances.',           'maturity',         '10000001-0000-0000-0000-000000000002', '20000001-0000-0000-0000-000000000001', false, now()-interval '1 day'),
('d0000001-0000-0000-0000-000000000007', 'Auction Closed',        'Month 4 auction for ShreemNidhi is closed. Winner: Indira Suresh.',   'auction',          '10000001-0000-0000-0000-000000000008', '20000001-0000-0000-0000-000000000001', true,  now()-interval '2 months'),
('d0000001-0000-0000-0000-000000000008', 'Welcome to Svarnam!',   'Your application to Svarnam Chit has been approved. Welcome!',        'general',          '10000001-0000-0000-0000-000000000012', '20000001-0000-0000-0000-000000000002', true,  now()-interval '85 days'),
('d0000001-0000-0000-0000-000000000009', 'Payment Failed',        'Your contribution payment for ShreemNidhi Month 5 has failed.',       'contribution_due', '10000001-0000-0000-0000-000000000007', '20000001-0000-0000-0000-000000000001', false, now()-interval '1 day'),
('d0000001-0000-0000-0000-000000000010', 'Application Rejected',  'Your application for Svarnam Chit was rejected. KYC incomplete.',     'general',          '10000001-0000-0000-0000-000000000014', '20000001-0000-0000-0000-000000000002', false, now()-interval '78 days'),
('d0000001-0000-0000-0000-000000000011', 'Bid Placed',            'Your bid of ₹44,500 for ShreemNidhi Month 5 has been recorded.',      'auction',          '10000001-0000-0000-0000-000000000006', '20000001-0000-0000-0000-000000000001', true,  now()-interval '2 days'),
('d0000001-0000-0000-0000-000000000012', 'Loan Reminder',         'Your loan repayment of ₹500 is due this month (ShreemNidhi).',        'loan',             '10000001-0000-0000-0000-000000000002', '20000001-0000-0000-0000-000000000001', false, now()-interval '2 days');


-- ============================================================
-- 14. LEDGER
-- ============================================================
INSERT INTO public.ledger (id, user_id, chit_id, transaction_type, reference_type, reference_id, amount, created_at) VALUES
-- Contributions (debits from members)
('c0000001-0000-0000-0000-000000000001', '10000001-0000-0000-0000-000000000001', '20000001-0000-0000-0000-000000000001', 'debit',  'contribution', '50000001-0001-0001-0000-000000000001', 5000.00, now()-interval '5 months'),
('c0000001-0000-0000-0000-000000000002', '10000001-0000-0000-0000-000000000002', '20000001-0000-0000-0000-000000000001', 'debit',  'contribution', '50000001-0001-0001-0000-000000000002', 5000.00, now()-interval '5 months'),
-- Prize payouts (credit to winners)
('c0000001-0000-0000-0000-000000000003', '10000001-0000-0000-0000-000000000001', '20000001-0000-0000-0000-000000000001', 'credit', 'prize',        '70000001-0001-0000-0000-000000000001', 45000.00, now()-interval '5 months'+interval '3 days'),
('c0000001-0000-0000-0000-000000000004', '10000001-0000-0000-0000-000000000002', '20000001-0000-0000-0000-000000000001', 'credit', 'prize',        '70000001-0001-0000-0000-000000000003', 44000.00, now()-interval '3 months'+interval '3 days'),
-- Loan issued (credit to borrower)
('c0000001-0000-0000-0000-000000000005', '10000001-0000-0000-0000-000000000002', '20000001-0000-0000-0000-000000000001', 'credit', 'loan_issue',   '80000001-0001-0000-0000-000000000001', 5000.00, now()-interval '3 months'),
('c0000001-0000-0000-0000-000000000006', '10000001-0000-0000-0000-000000000005', '20000001-0000-0000-0000-000000000001', 'credit', 'loan_issue',   '80000001-0001-0000-0000-000000000002', 8000.00, now()-interval '2 months'),
-- Loan payment (debit from borrower)
('c0000001-0000-0000-0000-000000000007', '10000001-0000-0000-0000-000000000007', '20000001-0000-0000-0000-000000000001', 'debit',  'loan_payment', '90000001-0000-0000-0000-000000000001', 6720.00, now()-interval '2 months'),
-- Dividend
('c0000001-0000-0000-0000-000000000008', '10000001-0000-0000-0000-000000000003', '20000001-0000-0000-0000-000000000001', 'credit', 'dividend',     '40000001-0001-0000-0000-000000000001', 275.00,  now()-interval '5 months'+interval '3 days'),
('c0000001-0000-0000-0000-000000000009', '10000001-0000-0000-0000-000000000004', '20000001-0000-0000-0000-000000000001', 'credit', 'dividend',     '40000001-0001-0000-0000-000000000001', 275.00,  now()-interval '5 months'+interval '3 days'),
-- Commission
('c0000001-0000-0000-0000-000000000010', '5bb36e6c-1bcc-4d5f-8027-27daab42e50f', '20000001-0000-0000-0000-000000000001', 'credit', 'commission',   '40000001-0001-0000-0000-000000000001', 2250.00, now()-interval '5 months'+interval '3 days'),
-- Svarnam contributions
('c0000001-0000-0000-0000-000000000011', '10000001-0000-0000-0000-000000000003', '20000001-0000-0000-0000-000000000002', 'debit',  'contribution', '50000001-0002-0001-0000-000000000001', 3000.00, now()-interval '3 months'),
('c0000001-0000-0000-0000-000000000012', '10000001-0000-0000-0000-000000000003', '20000001-0000-0000-0000-000000000002', 'credit', 'prize',        '70000001-0002-0000-0000-000000000001', 32000.00, now()-interval '3 months'+interval '2 days');


-- ============================================================
-- 15. USER DEVICES
-- ============================================================
INSERT INTO public.user_devices (id, user_id, device_id, device_name, is_trusted, last_login_at, created_at, is_biometric_enabled) VALUES
('e0000001-0000-0000-0000-000000000001', '5bb36e6c-1bcc-4d5f-8027-27daab42e50f', 'device-admin-001',   'Logheswaran iPhone 15',    true,  now()-interval '1 hour',   now()-interval '180 days', true),
('e0000001-0000-0000-0000-000000000002', '10000001-0000-0000-0000-000000000001', 'device-anitha-001',  'Anitha Samsung S23',       true,  now()-interval '2 hours',  now()-interval '90 days',  false),
('e0000001-0000-0000-0000-000000000003', '10000001-0000-0000-0000-000000000002', 'device-balaji-001',  'Balaji Pixel 7',           true,  now()-interval '3 hours',  now()-interval '90 days',  true),
('e0000001-0000-0000-0000-000000000004', '10000001-0000-0000-0000-000000000003', 'device-chitra-001',  'Chitra iPhone 13',         true,  now()-interval '1 day',    now()-interval '85 days',  false),
('e0000001-0000-0000-0000-000000000005', '10000001-0000-0000-0000-000000000004', 'device-dinesh-001',  'Dinesh OnePlus 11',        true,  now()-interval '6 hours',  now()-interval '85 days',  true),
('e0000001-0000-0000-0000-000000000006', '10000001-0000-0000-0000-000000000005', 'device-eswari-001',  'Eswari Redmi Note 12',     false, now()-interval '2 days',   now()-interval '80 days',  false),
('e0000001-0000-0000-0000-000000000007', '10000001-0000-0000-0000-000000000006', 'device-feroz-001',   'Feroz Samsung A54',        true,  now()-interval '12 hours', now()-interval '80 days',  true),
('e0000001-0000-0000-0000-000000000008', '10000001-0000-0000-0000-000000000007', 'device-geetha-001',  'Geetha iPhone 12',         true,  now()-interval '3 days',   now()-interval '75 days',  false),
('e0000001-0000-0000-0000-000000000009', '10000001-0000-0000-0000-000000000008', 'device-hari-001',    'Hari Pixel 6a',            true,  now()-interval '4 hours',  now()-interval '75 days',  true),
('e0000001-0000-0000-0000-000000000010', '10000001-0000-0000-0000-000000000009', 'device-indira-001',  'Indira Vivo V27',          false, now()-interval '5 days',   now()-interval '70 days',  false);


-- ============================================================
-- 16. AUDIT LOGS
-- ============================================================
INSERT INTO public.audit_logs (id, user_id, action, table_name, record_id, created_at) VALUES
('f0000001-0000-0000-0000-000000000001', '5bb36e6c-1bcc-4d5f-8027-27daab42e50f', 'INSERT', 'chits',               '20000001-0000-0000-0000-000000000001', now()-interval '6 months'),
('f0000001-0000-0000-0000-000000000002', '5bb36e6c-1bcc-4d5f-8027-27daab42e50f', 'INSERT', 'chits',               '20000001-0000-0000-0000-000000000002', now()-interval '4 months'),
('f0000001-0000-0000-0000-000000000003', '5bb36e6c-1bcc-4d5f-8027-27daab42e50f', 'UPDATE', 'chits',               '20000001-0000-0000-0000-000000000001', now()-interval '5 months'),
('f0000001-0000-0000-0000-000000000004', '5bb36e6c-1bcc-4d5f-8027-27daab42e50f', 'INSERT', 'auction_rounds',      '40000001-0001-0000-0000-000000000001', now()-interval '5 months'),
('f0000001-0000-0000-0000-000000000005', '5bb36e6c-1bcc-4d5f-8027-27daab42e50f', 'UPDATE', 'auction_rounds',      '40000001-0001-0000-0000-000000000001', now()-interval '5 months'+interval '3 days'),
('f0000001-0000-0000-0000-000000000006', '5bb36e6c-1bcc-4d5f-8027-27daab42e50f', 'INSERT', 'winners',             '70000001-0001-0000-0000-000000000001', now()-interval '5 months'+interval '3 days'),
('f0000001-0000-0000-0000-000000000007', '5bb36e6c-1bcc-4d5f-8027-27daab42e50f', 'UPDATE', 'member_applications', 'a0000001-0000-0000-0000-000000000006', now()-interval '78 days'),
('f0000001-0000-0000-0000-000000000008', '5bb36e6c-1bcc-4d5f-8027-27daab42e50f', 'INSERT', 'loans',               '80000001-0001-0000-0000-000000000002', now()-interval '2 months'),
('f0000001-0000-0000-0000-000000000009', '5bb36e6c-1bcc-4d5f-8027-27daab42e50f', 'UPDATE', 'contributions',       '50000001-0001-0005-0000-000000000007', now()-interval '1 day'),
('f0000001-0000-0000-0000-000000000010', '5bb36e6c-1bcc-4d5f-8027-27daab42e50f', 'INSERT', 'notifications',       'd0000001-0000-0000-0000-000000000009', now()-interval '1 day'),
('f0000001-0000-0000-0000-000000000011', '10000001-0000-0000-0000-000000000006', 'INSERT', 'bids',                '01000001-0001-0005-0000-000000000002', now()-interval '2 days'),
('f0000001-0000-0000-0000-000000000012', '5bb36e6c-1bcc-4d5f-8027-27daab42e50f', 'UPDATE', 'kyc_details',         '60000001-0000-0000-0000-000000000009', now()-interval '30 days');

-- ============================================================
-- 17. RE-ENABLE TRIGGER
-- ============================================================
ALTER TABLE auth.users ENABLE TRIGGER on_auth_user_created;

-- ============================================================
-- END OF SEED DATA
-- ============================================================
